market,origin,dest,OriginAirport,DestinationAirport,market_key
DXB-SVO,DXB,SVO,68682240,320212736,68682240-320212736
NRT-CDG,NRT,CDG,236065792,50595584,236065792-50595584
LAX-ORD,LAX,ORD,201398272,252838912,201398272-252838912
YVR-LAX,YVR,LAX,420876800,201398272,420876800-201398272
JED-IST,JED,IST,168100864,152245248,168100864-152245248
JFK-FCO,JFK,FCO,168168192,100863744,168168192-100863744
XNB-MNL,XNB,MNL,403571200,219024384,403571200-219024384
LHR-ORY,LHR,ORY,201855488,252844288,201855488-252844288
LIS-GRU,LIS,GRU,201921280,118625536,201921280-118625536
LGW-FCO,LGW,FCO,201791232,100863744,201791232-100863744
LGW-JED,LGW,JED,201791232,168100864,201791232-168100864
TPE-PVG,TPE,PVG,336594176,269879040,336594176-269879040
MCO-LGA,MCO,LGA,218304256,201785600,218304256-201785600
YVR-HKG,YVR,HKG,420876800,134940416,420876800-134940416
LCY-LIS,LCY,LIS,201529600,201921280,201529600-201921280
SJC-SAN,SJC,SAN,319423232,318836224,319423232-318836224
ITM-HAN,ITM,HAN,152308992,134286848,152308992-134286848
TLV-MAD,TLV,MAD,336336384,218170368,336336384-218170368
LHR-ARN,LHR,ARN,201855488,17960448,201855488-17960448
ZRH-BKK,ZRH,BKK,437389312,34278144,437389312-34278144
SYD-DEL,SYD,DEL,320406528,67439616,320406528-67439616
MAD-AMS,MAD,AMS,218170368,17634048,218170368-17634048
MCO-JFK,MCO,JFK,218304256,168168192,218304256-168168192
LGA-LGW,LGA,LGW,201785600,201791232,201785600-201791232
LHR-MRU,LHR,MRU,201855488,219288832,201855488-219288832
MNL-HND,MNL,HND,219024384,135136256,219024384-135136256
MAN-DXB,MAN,DXB,218172928,68682240,218172928-68682240
JFK-ONT,JFK,ONT,168168192,252580864,168168192-252580864
KUL-LHR,KUL,LHR,185928704,201855488,185928704-201855488
SFO-LAS,SFO,LAS,319164160,201396992,319164160-201396992
LHR-COK,LHR,COK,201855488,51317504,201855488-51317504
SIN-LGW,SIN,LGW,319360512,201791232,319360512-201791232
JFK-MCO,JFK,MCO,168168192,218304256,168168192-218304256
ICN-CEB,ICN,CEB,151195136,50659840,151195136-50659840
BKK-MNL,BKK,MNL,34278144,219024384,34278144-219024384
JFK-PBI,JFK,PBI,168168192,268568832,168168192-268568832
GRU-LIS,GRU,LIS,118625536,201921280,118625536-201921280
BOM-XNB,BOM,XNB,34540800,403571200,34540800-403571200
KWI-CAI,KWI,CAI,186059008,50399488,186059008-50399488
LHR-CAI,LHR,CAI,201855488,50399488,201855488-50399488
ONT-JFK,ONT,JFK,252580864,168168192,252580864-168168192
HKG-LAX,HKG,LAX,134940416,201398272,134940416-201398272
ICN-KIX,ICN,KIX,151195136,185145344,151195136-185145344
LCY-HKG,LCY,HKG,201529600,134940416,201529600-134940416
TPE-ICN,TPE,ICN,336594176,151195136,336594176-151195136
VKO-TLV,VKO,TLV,369823488,336336384,369823488-336336384
SIN-GMP,SIN,GMP,319360512,118296576,319360512-118296576
HKG-YYZ,HKG,YYZ,134940416,421075456,134940416-421075456
SYD-LHR,SYD,LHR,320406528,201855488,320406528-201855488
TPE-NRT,TPE,NRT,336594176,236065792,336594176-236065792
ORY-BKK,ORY,BKK,252844288,34278144,252844288-34278144
HKG-SIN,HKG,SIN,134940416,319360512,134940416-319360512
SIN-SYD,SIN,SYD,319360512,320406528,319360512-320406528
ICN-SYD,ICN,SYD,151195136,320406528,151195136-320406528
IST-DXB,IST,DXB,152245248,68682240,152245248-68682240
LGA-YYZ,LGA,YYZ,201785600,421075456,201785600-421075456
LGA-MCO,LGA,MCO,201785600,218304256,201785600-218304256
PBI-EWR,PBI,EWR,268568832,85398016,268568832-85398016
MAD-LHR,MAD,LHR,218170368,201855488,218170368-201855488
LHR-AMD,LHR,AMD,201855488,17630208,201855488-17630208
HKG-MNL,HKG,MNL,134940416,219024384,134940416-219024384
SIN-NRT,SIN,NRT,319360512,236065792,319360512-236065792
CAI-KWI,CAI,KWI,50399488,186059008,50399488-186059008
YYZ-LGW,YYZ,LGW,421075456,201791232,421075456-201791232
BKK-FRA,BKK,FRA,34278144,101843200,34278144-101843200
HKG-HND,HKG,HND,134940416,135136256,134940416-135136256
DEL-XNB,DEL,XNB,67439616,403571200,67439616-403571200
TLV-IST,TLV,IST,336336384,152245248,336336384-152245248
BKK-URT,BKK,URT,34278144,353506304,34278144-353506304
LHR-HKT,LHR,HKT,201855488,134943744,201855488-134943744
HAN-ICN,HAN,ICN,134286848,151195136,134286848-151195136
LGW-YYZ,LGW,YYZ,201791232,421075456,201791232-421075456
TPE-LAX,TPE,LAX,336594176,201398272,336594176-201398272
GMP-SGN,GMP,SGN,118296576,319229440,118296576-319229440
SIN-STN,SIN,STN,319360512,320081408,319360512-320081408
ICN-KUL,ICN,KUL,151195136,185928704,151195136-185928704
SZB-LGK,SZB,LGK,320471552,201788160,320471552-201788160
NRT-TPE,NRT,TPE,236065792,336594176,236065792-336594176
SJC-LAS,SJC,LAS,319423232,201396992,319423232-201396992
SZB-XSP,SZB,XSP,320471552,403902464,320471552-403902464
LHR-AKL,LHR,AKL,201855488,17501184,201855488-17501184
DAD-ICN,DAD,ICN,67175424,151195136,67175424-151195136
YYZ-EWR,YYZ,EWR,421075456,85398016,421075456-85398016
TLV-ORY,TLV,ORY,336336384,252844288,336336384-252844288
JFK-MAD,JFK,MAD,168168192,218170368,168168192-218170368
NRT-LAX,NRT,LAX,236065792,201398272,236065792-201398272
LGW-LGA,LGW,LGA,201791232,201785600,201791232-201785600
LAX-HKG,LAX,HKG,201398272,134940416,201398272-134940416
KUL-BKI,KUL,BKI,185928704,34277632,185928704-34277632
LGA-SNA,LGA,SNA,201785600,319684864,201785600-319684864
CAI-IST,CAI,IST,50399488,152245248,50399488-152245248
BKK-ITM,BKK,ITM,34278144,152308992,34278144-152308992
KUL-STN,KUL,STN,185928704,320081408,185928704-320081408
LHR-NBO,LHR,NBO,201855488,235015936,201855488-235015936
LED-AYT,LED,AYT,201655296,18420736,201655296-18420736
IST-CDG,IST,CDG,152245248,50595584,152245248-50595584
LHR-GOI,LHR,GOI,201855488,118425856,201855488-118425856
LGA-CDG,LGA,CDG,201785600,50595584,201785600-50595584
SIN-MAA,SIN,MAA,319360512,218169600,319360512-218169600
LHR-MAA,LHR,MAA,201855488,218169600,201855488-218169600
IST-XNB,IST,XNB,152245248,403571200,152245248-403571200
JED-SAW,JED,SAW,168100864,318838528,168100864-318838528
FRA-ICN,FRA,ICN,101843200,151195136,101843200-151195136
MAN-LHE,MAN,LHE,218172928,201852160,218172928-201852160
SAW-TLV,SAW,TLV,318838528,336336384,318838528-336336384
LHR-ORD,LHR,ORD,201855488,252838912,201855488-252838912
LHR-PER,LHR,PER,201855488,268767744,201855488-268767744
TLV-MXP,TLV,MXP,336336384,219680768,336336384-219680768
EWR-SAN,EWR,SAN,85398016,318836224,85398016-318836224
TLV-VKO,TLV,VKO,336336384,369823488,336336384-369823488
LHR-YVR,LHR,YVR,201855488,420876800,201855488-420876800
FCO-CDG,FCO,CDG,100863744,50595584,100863744-50595584
LAX-CDG,LAX,CDG,201398272,50595584,201398272-50595584
SFO-LHR,SFO,LHR,319164160,201855488,319164160-201855488
ORD-MIA,ORD,MIA,252838912,218693888,252838912-218693888
BOM-EWR,BOM,EWR,34540800,85398016,34540800-85398016
CDG-HKG,CDG,HKG,50595584,134940416,50595584-134940416
JFK-SAN,JFK,SAN,168168192,318836224,168168192-318836224
TLV-BUD,TLV,BUD,336336384,34931712,336336384-34931712
LHR-AUH,LHR,AUH,201855488,18155520,201855488-18155520
EWR-FCO,EWR,FCO,85398016,100863744,85398016-100863744
STN-AYT,STN,AYT,320081408,18420736,320081408-18420736
PVG-LAX,PVG,LAX,269879040,201398272,269879040-201398272
MAA-LHR,MAA,LHR,218169600,201855488,218169600-201855488
HND-SIN,HND,SIN,135136256,319360512,135136256-319360512
EWR-PBI,EWR,PBI,85398016,268568832,85398016-268568832
SYD-AKL,SYD,AKL,320406528,17501184,320406528-17501184
STN-IST,STN,IST,320081408,152245248,320081408-152245248
FLL-LGA,FLL,LGA,101452800,201785600,101452800-201785600
FRA-BKK,FRA,BKK,101843200,34278144,101843200-34278144
MNL-ICN,MNL,ICN,219024384,151195136,219024384-151195136
YYZ-LHR,YYZ,LHR,421075456,201855488,421075456-201855488
KWI-IST,KWI,IST,186059008,152245248,186059008-152245248
MNL-DXB,MNL,DXB,219024384,68682240,219024384-68682240
SFO-ONT,SFO,ONT,319164160,252580864,319164160-252580864
STN-HKG,STN,HKG,320081408,134940416,320081408-134940416
UTH-BKK,UTH,BKK,353634304,34278144,353634304-34278144
JFK-ORY,JFK,ORY,168168192,252844288,168168192-252844288
DME-GYD,DME,GYD,67962112,119079936,67962112-119079936
ICN-HND,ICN,HND,151195136,135136256,151195136-135136256
SFO-LGA,SFO,LGA,319164160,201785600,319164160-201785600
JFK-SFO,JFK,SFO,168168192,319164160,168168192-319164160
BLR-DEL,BLR,DEL,34345472,67439616,34345472-67439616
SFO-BUR,SFO,BUR,319164160,34935296,319164160-34935296
LAX-HNL,LAX,HNL,201398272,135138304,201398272-135138304
LHR-ICN,LHR,ICN,201855488,151195136,201855488-151195136
HKG-NRT,HKG,NRT,134940416,236065792,134940416-236065792
EWR-SFO,EWR,SFO,85398016,319164160,85398016-319164160
HKG-JFK,HKG,JFK,134940416,168168192,134940416-168168192
ORY-EWR,ORY,EWR,252844288,85398016,252844288-85398016
LGW-MAD,LGW,MAD,201791232,218170368,201791232-218170368
SIN-LCY,SIN,LCY,319360512,201529600,319360512-201529600
SIN-MEL,SIN,MEL,319360512,218434560,319360512-218434560
DME-AER,DME,AER,67962112,17109504,67962112-17109504
MNL-LHR,MNL,LHR,219024384,201855488,219024384-201855488
SAW-LGW,SAW,LGW,318838528,201791232,318838528-201791232
ORD-JFK,ORD,JFK,252838912,168168192,252838912-168168192
TPE-MNL,TPE,MNL,336594176,219024384,336594176-219024384
LAX-NRT,LAX,NRT,201398272,236065792,201398272-236065792
DUS-SAW,DUS,SAW,68489984,318838528,68489984-318838528
ATL-LGA,ATL,LGA,18091008,201785600,18091008-201785600
JFK-BUR,JFK,BUR,168168192,34935296,168168192-34935296
SYD-BNE,SYD,BNE,320406528,34473216,320406528-34473216
EWR-YTZ,EWR,YTZ,85398016,420747776,85398016-420747776
SIN-HAN,SIN,HAN,319360512,134286848,319360512-134286848
BNE-SYD,BNE,SYD,34473216,320406528,34473216-320406528
LGB-HNL,LGB,HNL,201785856,135138304,201785856-135138304
LHR-CDG,LHR,CDG,201855488,50595584,201855488-50595584
LHR-JED,LHR,JED,201855488,168100864,201855488-168100864
MAD-EZE,MAD,EZE,218170368,85591296,218170368-85591296
CDG-IST,CDG,IST,50595584,152245248,50595584-152245248
JFK-ORD,JFK,ORD,168168192,252838912,168168192-252838912
OAK-LAS,OAK,LAS,251726592,201396992,251726592-201396992
SYD-HKG,SYD,HKG,320406528,134940416,320406528-134940416
GMP-MNL,GMP,MNL,118296576,219024384,118296576-219024384
HYD-DXB,HYD,DXB,135857152,68682240,135857152-68682240
TLV-FCO,TLV,FCO,336336384,100863744,336336384-100863744
ORY-IST,ORY,IST,252844288,152245248,252844288-152245248
MNL-KUL,MNL,KUL,219024384,185928704,219024384-185928704
HKG-SFO,HKG,SFO,134940416,319164160,134940416-319164160
LGW-MEL,LGW,MEL,201791232,218434560,201791232-218434560
ICN-BCN,ICN,BCN,151195136,33754624,151195136-33754624
MEL-AKL,MEL,AKL,218434560,17501184,218434560-17501184
LGW-LIS,LGW,LIS,201791232,201921280,201791232-201921280
LIS-LGW,LIS,LGW,201921280,201791232,201921280-201791232
URT-BKK,URT,BKK,353506304,34278144,353506304-34278144
HND-TPE,HND,TPE,135136256,336594176,135136256-336594176
LAX-ICN,LAX,ICN,201398272,151195136,201398272-151195136
SIN-DEL,SIN,DEL,319360512,67439616,319360512-67439616
MAN-EWR,MAN,EWR,218172928,85398016,218172928-85398016
OPO-ORY,OPO,ORY,252710656,252844288,252710656-252844288
MAD-LIS,MAD,LIS,218170368,201921280,218170368-201921280
LGA-LAS,LGA,LAS,201785600,201396992,201785600-201396992
ORY-YUL,ORY,YUL,252844288,420809728,252844288-420809728
COK-DXB,COK,DXB,51317504,68682240,51317504-68682240
TLV-STN,TLV,STN,336336384,320081408,336336384-320081408
LHR-FCO,LHR,FCO,201855488,100863744,201855488-100863744
DMK-CEI,DMK,CEI,67963648,50661632,67963648-50661632
GYD-DXB,GYD,DXB,119079936,68682240,119079936-68682240
LGW-TLV,LGW,TLV,201791232,336336384,201791232-336336384
SUB-SIN,SUB,SIN,320143872,319360512,320143872-319360512
YVR-DEL,YVR,DEL,420876800,67439616,420876800-67439616
MNL-SGN,MNL,SGN,219024384,319229440,219024384-319229440
YTZ-LHR,YTZ,LHR,420747776,201855488,420747776-201855488
SEA-LGA,SEA,LGA,319095040,201785600,319095040-201785600
CDG-TLV,CDG,TLV,50595584,336336384,50595584-336336384
EWR-LIS,EWR,LIS,85398016,201921280,85398016-201921280
BCN-CDG,BCN,CDG,33754624,50595584,33754624-50595584
SYD-SGN,SYD,SGN,320406528,319229440,320406528-319229440
SEA-SNA,SEA,SNA,319095040,319684864,319095040-319684864
LAS-OAK,LAS,OAK,201396992,251726592,201396992-251726592
DUB-EWR,DUB,EWR,68485632,85398016,68485632-85398016
DME-FRU,DME,FRU,67962112,101848320,67962112-101848320
LGA-MAD,LGA,MAD,201785600,218170368,201785600-218170368
GYD-IST,GYD,IST,119079936,152245248,119079936-152245248
LAS-SJC,LAS,SJC,201396992,319423232,201396992-319423232
SAN-SFO,SAN,SFO,318836224,319164160,318836224-319164160
EWR-TLV,EWR,TLV,85398016,336336384,85398016-336336384
YVR-YYC,YVR,YYC,420876800,421069568,420876800-421069568
STN-JED,STN,JED,320081408,168100864,320081408-168100864
IST-DUS,IST,DUS,152245248,68489984,152245248-68489984
LGW-ICN,LGW,ICN,201791232,151195136,201791232-151195136
BCN-MAD,BCN,MAD,33754624,218170368,33754624-218170368
SJC-SEA,SJC,SEA,319423232,319095040,319423232-319095040
NRT-SIN,NRT,SIN,236065792,319360512,236065792-319360512
SIN-HND,SIN,HND,319360512,135136256,319360512-135136256
YYZ-YVR,YYZ,YVR,421075456,420876800,421075456-420876800
LHR-XNB,LHR,XNB,201855488,403571200,201855488-403571200
MAD-LGW,MAD,LGW,218170368,201791232,218170368-201791232
MEL-DEL,MEL,DEL,218434560,67439616,218434560-67439616
DPS-SIN,DPS,SIN,68162304,319360512,68162304-319360512
NRT-SGN,NRT,SGN,236065792,319229440,236065792-319229440
LHR-MCO,LHR,MCO,201855488,218304256,201855488-218304256
MXP-LGA,MXP,LGA,219680768,201785600,219680768-201785600
VCP-LIS,VCP,LIS,369299456,201921280,369299456-201921280
SNA-LAS,SNA,LAS,319684864,201396992,319684864-201396992
PBI-JFK,PBI,JFK,268568832,168168192,268568832-168168192
EWR-LGW,EWR,LGW,85398016,201791232,85398016-201791232
DMK-UTH,DMK,UTH,67963648,353634304,67963648-353634304
MAD-CDG,MAD,CDG,218170368,50595584,218170368-50595584
ICN-LGW,ICN,LGW,151195136,201791232,151195136-201791232
MAD-ORY,MAD,ORY,218170368,252844288,218170368-252844288
BLR-BOM,BLR,BOM,34345472,34540800,34345472-34540800
AKL-SYD,AKL,SYD,17501184,320406528,17501184-320406528
EWR-ORY,EWR,ORY,85398016,252844288,85398016-252844288
LCY-SIN,LCY,SIN,201529600,319360512,201529600-319360512
BOM-LCY,BOM,LCY,34540800,201529600,34540800-201529600
HKG-EWR,HKG,EWR,134940416,85398016,134940416-85398016
BKK-JFK,BKK,JFK,34278144,168168192,34278144-168168192
LCY-JFK,LCY,JFK,201529600,168168192,201529600-168168192
SAW-LHR,SAW,LHR,318838528,201855488,318838528-201855488
LGA-PBI,LGA,PBI,201785600,268568832,201785600-268568832
MEL-ADL,MEL,ADL,218434560,17042432,218434560-17042432
ICN-LAX,ICN,LAX,151195136,201398272,151195136-201398272
MAD-JFK,MAD,JFK,218170368,168168192,218170368-168168192
PNH-BKK,PNH,BKK,269355008,34278144,269355008-34278144
TLV-SAW,TLV,SAW,336336384,318838528,336336384-318838528
HKG-MAN,HKG,MAN,134940416,218172928,134940416-218172928
DME-MLE,DME,MLE,67962112,218891520,67962112-218891520
CGK-DMK,CGK,DMK,50793216,67963648,50793216-67963648
LHR-TLV,LHR,TLV,201855488,336336384,201855488-336336384
DXB-IST,DXB,IST,68682240,152245248,68682240-152245248
YYZ-LGA,YYZ,LGA,421075456,201785600,421075456-201785600
KUL-ICN,KUL,ICN,185928704,151195136,185928704-151195136
SNA-LGA,SNA,LGA,319684864,201785600,319684864-201785600
ONT-LGA,ONT,LGA,252580864,201785600,252580864-201785600
LHR-MIA,LHR,MIA,201855488,218693888,201855488-218693888
EVN-VKO,EVN,VKO,85331456,369823488,85331456-369823488
DME-TLV,DME,TLV,67962112,336336384,67962112-336336384
DEL-BLR,DEL,BLR,67439616,34345472,67439616-34345472
DEL-SIN,DEL,SIN,67439616,319360512,67439616-319360512
HKG-SYD,HKG,SYD,134940416,320406528,134940416-320406528
MAD-EWR,MAD,EWR,218170368,85398016,218170368-85398016
TPE-HKG,TPE,HKG,336594176,134940416,336594176-134940416
ICN-JFK,ICN,JFK,151195136,168168192,151195136-168168192
CGK-BKK,CGK,BKK,50793216,34278144,50793216-34278144
MIA-JFK,MIA,JFK,218693888,168168192,218693888-168168192
LGW-SAW,LGW,SAW,201791232,318838528,201791232-318838528
SIN-HKT,SIN,HKT,319360512,134943744,319360512-134943744
ICN-GUM,ICN,GUM,151195136,118820096,151195136-118820096
DEL-YYZ,DEL,YYZ,67439616,421075456,67439616-421075456
KUL-DMK,KUL,DMK,185928704,67963648,185928704-67963648
LGW-SIN,LGW,SIN,201791232,319360512,201791232-319360512
SIN-LHR,SIN,LHR,319360512,201855488,319360512-201855488
MIA-LGA,MIA,LGA,218693888,201785600,218693888-201785600
HAN-BKK,HAN,BKK,134286848,34278144,134286848-34278144
LHR-NRT,LHR,NRT,201855488,236065792,201855488-236065792
DME-HKT,DME,HKT,67962112,134943744,67962112-134943744
DME-BKK,DME,BKK,67962112,34278144,67962112-34278144
VKO-GYD,VKO,GYD,369823488,119079936,369823488-119079936
NRT-HAN,NRT,HAN,236065792,134286848,236065792-134286848
FLL-EWR,FLL,EWR,101452800,85398016,101452800-85398016
LAX-LAS,LAX,LAS,201398272,201396992,201398272-201396992
SNA-JFK,SNA,JFK,319684864,168168192,319684864-168168192
JFK-CDG,JFK,CDG,168168192,50595584,168168192-50595584
SGN-ICN,SGN,ICN,319229440,151195136,319229440-151195136
JFK-FLL,JFK,FLL,168168192,101452800,168168192-101452800
BKK-STN,BKK,STN,34278144,320081408,34278144-320081408
IST-LHR,IST,LHR,152245248,201855488,152245248-201855488
CNX-DMK,CNX,DMK,51255296,67963648,51255296-67963648
BLR-LHR,BLR,LHR,34345472,201855488,34345472-201855488
SFO-HNL,SFO,HNL,319164160,135138304,319164160-135138304
LAX-MEX,LAX,MEX,201398272,218437632,201398272-218437632
LGW-ORY,LGW,ORY,201791232,252844288,201791232-252844288
LGW-AYT,LGW,AYT,201791232,18420736,201791232-18420736
DME-DEL,DME,DEL,67962112,67439616,67962112-67439616
LGW-HKT,LGW,HKT,201791232,134943744,201791232-134943744
MEX-JFK,MEX,JFK,218437632,168168192,218437632-168168192
DPS-BKK,DPS,BKK,68162304,34278144,68162304-34278144
LIN-IST,LIN,IST,201920000,152245248,201920000-152245248
YTZ-EWR,YTZ,EWR,420747776,85398016,420747776-85398016
SEA-JFK,SEA,JFK,319095040,168168192,319095040-168168192
LHR-DUB,LHR,DUB,201855488,68485632,201855488-68485632
KIX-GMP,KIX,GMP,185145344,118296576,185145344-118296576
DUB-LCY,DUB,LCY,68485632,201529600,68485632-201529600
EWR-SEA,EWR,SEA,85398016,319095040,85398016-319095040
SYD-LGW,SYD,LGW,320406528,201791232,320406528-201791232
DEL-SXR,DEL,SXR,67439616,320344576,67439616-320344576
BCN-PMI,BCN,PMI,33754624,269289728,33754624-269289728
ITM-ICN,ITM,ICN,152308992,151195136,152308992-151195136
JFK-SEA,JFK,SEA,168168192,319095040,168168192-319095040
ISB-LHR,ISB,LHR,152240640,201855488,152240640-201855488
LAX-LGW,LAX,LGW,201398272,201791232,201398272-201791232
MAA-SIN,MAA,SIN,218169600,319360512,218169600-319360512
LHR-CPT,LHR,CPT,201855488,51385344,201855488-51385344
SIN-HKG,SIN,HKG,319360512,134940416,319360512-134940416
SEA-EWR,SEA,EWR,319095040,85398016,319095040-85398016
LGW-CAI,LGW,CAI,201791232,50399488,201791232-50399488
STR-IST,STR,IST,320082432,152245248,320082432-152245248
LHR-CUN,LHR,CUN,201855488,51711488,201855488-51711488
ICN-HKT,ICN,HKT,151195136,134943744,151195136-134943744
RUH-SAW,RUH,SAW,303368192,318838528,303368192-318838528
JED-CAI,JED,CAI,168100864,50399488,168100864-50399488
TPE-SFO,TPE,SFO,336594176,319164160,336594176-319164160
TLV-BCN,TLV,BCN,336336384,33754624,336336384-33754624
SNA-YVR,SNA,YVR,319684864,420876800,319684864-420876800
MEX-EWR,MEX,EWR,218437632,85398016,218437632-85398016
ARN-LGW,ARN,LGW,17960448,201791232,17960448-201791232
JFK-LIS,JFK,LIS,168168192,201921280,168168192-201921280
SFO-DEL,SFO,DEL,319164160,67439616,319164160-67439616
AMS-JFK,AMS,JFK,17634048,168168192,17634048-168168192
LHR-DAC,LHR,DAC,201855488,67175168,201855488-67175168
JFK-MEX,JFK,MEX,168168192,218437632,168168192-218437632
FRA-JFK,FRA,JFK,101843200,168168192,101843200-168168192
BKK-ORY,BKK,ORY,34278144,252844288,34278144-252844288
LHR-ACC,LHR,ACC,201855488,16974592,201855488-16974592
MEX-LAX,MEX,LAX,218437632,201398272,218437632-201398272
SAW-AMS,SAW,AMS,318838528,17634048,318838528-17634048
MXP-LHR,MXP,LHR,219680768,201855488,219680768-201855488
HKG-FRA,HKG,FRA,134940416,101843200,134940416-101843200
LGA-BUR,LGA,BUR,201785600,34935296,201785600-34935296
SAW-CDG,SAW,CDG,318838528,50595584,318838528-50595584
STR-SAW,STR,SAW,320082432,318838528,320082432-318838528
SFO-SEA,SFO,SEA,319164160,319095040,319164160-319095040
IST-TLV,IST,TLV,152245248,336336384,152245248-336336384
JFK-BOM,JFK,BOM,168168192,34540800,168168192-34540800
LGW-BLR,LGW,BLR,201791232,34345472,201791232-34345472
FRA-HKG,FRA,HKG,101843200,134940416,101843200-134940416
BOM-JFK,BOM,JFK,34540800,168168192,34540800-168168192
LCY-FCO,LCY,FCO,201529600,100863744,201529600-100863744
DEL-PNQ,DEL,PNQ,67439616,269357312,67439616-269357312
SEA-SJC,SEA,SJC,319095040,319423232,319095040-319423232
LAX-CUN,LAX,CUN,201398272,51711488,201398272-51711488
AMD-LHR,AMD,LHR,17630208,201855488,17630208-201855488
PER-SYD,PER,SYD,268767744,320406528,268767744-320406528
ICN-FRA,ICN,FRA,151195136,101843200,151195136-101843200
TPE-KIX,TPE,KIX,336594176,185145344,336594176-185145344
BOM-DPS,BOM,DPS,34540800,68162304,34540800-68162304
SYD-PER,SYD,PER,320406528,268767744,320406528-268767744
SZB-PEN,SZB,PEN,320471552,268766720,320471552-268766720
FRA-EWR,FRA,EWR,101843200,85398016,101843200-85398016
LCY-MXP,LCY,MXP,201529600,219680768,201529600-219680768
YYZ-HKG,YYZ,HKG,421075456,134940416,421075456-134940416
BKK-DAD,BKK,DAD,34278144,67175424,34278144-67175424
LIN-LHR,LIN,LHR,201920000,201855488,201920000-201855488
LCY-IST,LCY,IST,201529600,152245248,201529600-152245248
SIN-ICN,SIN,ICN,319360512,151195136,319360512-151195136
BKK-NRT,BKK,NRT,34278144,236065792,34278144-236065792
DEL-LHR,DEL,LHR,67439616,201855488,67439616-201855488
JFK-LAX,JFK,LAX,168168192,201398272,168168192-201398272
EWR-LAX,EWR,LAX,85398016,201398272,85398016-201398272
BKK-HDY,BKK,HDY,34278144,134486272,34278144-134486272
ICN-SGN,ICN,SGN,151195136,319229440,151195136-319229440
JFK-LHR,JFK,LHR,168168192,201855488,168168192-201855488
ICN-NRT,ICN,NRT,151195136,236065792,151195136-236065792
BKK-HND,BKK,HND,34278144,135136256,34278144-135136256
BKK-KBV,BKK,KBV,34278144,184686080,34278144-184686080
LHR-SYD,LHR,SYD,201855488,320406528,201855488-320406528
BKK-LHR,BKK,LHR,34278144,201855488,34278144-201855488
ICN-HAN,ICN,HAN,151195136,134286848,151195136-134286848
SFO-LAX,SFO,LAX,319164160,201398272,319164160-201398272
LAX-SFO,LAX,SFO,201398272,319164160,201398272-319164160
SIN-MNL,SIN,MNL,319360512,219024384,319360512-219024384
SIN-DMK,SIN,DMK,319360512,67963648,319360512-67963648
GMP-BKK,GMP,BKK,118296576,34278144,118296576-34278144
HKG-BKK,HKG,BKK,134940416,34278144,134940416-34278144
SIN-CGK,SIN,CGK,319360512,50793216,319360512-50793216
MNL-BKK,MNL,BKK,219024384,34278144,219024384-34278144
DMK-SIN,DMK,SIN,67963648,319360512,67963648-319360512
BKK-SGN,BKK,SGN,34278144,319229440,34278144-319229440
BUR-LAS,BUR,LAS,34935296,201396992,34935296-201396992
LIS-CDG,LIS,CDG,201921280,50595584,201921280-50595584
SJC-JFK,SJC,JFK,319423232,168168192,319423232-168168192
TPE-HND,TPE,HND,336594176,135136256,336594176-135136256
ONT-EWR,ONT,EWR,252580864,85398016,252580864-85398016
LHR-LOS,LHR,LOS,201855488,202314496,201855488-202314496
ONT-HNL,ONT,HNL,252580864,135138304,252580864-135138304
BKK-KIX,BKK,KIX,34278144,185145344,34278144-185145344
LIS-ORY,LIS,ORY,201921280,252844288,201921280-252844288
ORD-EWR,ORD,EWR,252838912,85398016,252838912-85398016
CDG-MAD,CDG,MAD,50595584,218170368,50595584-218170368
HND-LHR,HND,LHR,135136256,201855488,135136256-201855488
JFK-YYZ,JFK,YYZ,168168192,421075456,168168192-421075456
LCY-BOM,LCY,BOM,201529600,34540800,201529600-34540800
TSA-HND,TSA,HND,336789760,135136256,336789760-135136256
EWR-ORD,EWR,ORD,85398016,252838912,85398016-252838912
LAX-LHR,LAX,LHR,201398272,201855488,201398272-201855488
TAS-DME,TAS,DME,335614720,67962112,335614720-67962112
BKK-DXB,BKK,DXB,34278144,68682240,34278144-68682240
NRT-LHR,NRT,LHR,236065792,201855488,236065792-201855488
EWR-YYZ,EWR,YYZ,85398016,421075456,85398016-421075456
BOM-GOI,BOM,GOI,34540800,118425856,34540800-118425856
LHR-HYD,LHR,HYD,201855488,135857152,201855488-135857152
CDG-YUL,CDG,YUL,50595584,420809728,50595584-420809728
SIN-PEN,SIN,PEN,319360512,268766720,319360512-268766720
EWR-LAS,EWR,LAS,85398016,201396992,85398016-201396992
BOG-MAD,BOG,MAD,34539264,218170368,34539264-218170368
TLV-LHR,TLV,LHR,336336384,201855488,336336384-201855488
PVG-LHR,PVG,LHR,269879040,201855488,269879040-201855488
TAS-VKO,TAS,VKO,335614720,369823488,335614720-369823488
KUL-LGW,KUL,LGW,185928704,201791232,185928704-201791232
LHR-MAD,LHR,MAD,201855488,218170368,201855488-218170368
LGA-ORD,LGA,ORD,201785600,252838912,201785600-252838912
BKK-UBP,BKK,UBP,34278144,352456704,34278144-352456704
EWR-ONT,EWR,ONT,85398016,252580864,85398016-252580864
BUR-JFK,BUR,JFK,34935296,168168192,34935296-168168192
LGA-ONT,LGA,ONT,201785600,252580864,201785600-252580864
LHR-JNB,LHR,JNB,201855488,168690176,201855488-168690176
JFK-LAS,JFK,LAS,168168192,201396992,168168192-201396992
ICN-HNL,ICN,HNL,151195136,135138304,151195136-135138304
EVN-DME,EVN,DME,85331456,67962112,85331456-67962112
DUS-IST,DUS,IST,68489984,152245248,68489984-152245248
MXP-CDG,MXP,CDG,219680768,50595584,219680768-50595584
LGW-SYD,LGW,SYD,201791232,320406528,201791232-320406528
SYD-ICN,SYD,ICN,320406528,151195136,320406528-151195136
ATL-EWR,ATL,EWR,18091008,85398016,18091008-85398016
KIX-BKK,KIX,BKK,185145344,34278144,185145344-34278144
KUL-LGK,KUL,LGK,185928704,201788160,185928704-201788160
BUR-EWR,BUR,EWR,34935296,85398016,34935296-85398016
SYD-OOL,SYD,OOL,320406528,252644352,320406528-252644352
ICN-TPE,ICN,TPE,151195136,336594176,151195136-336594176
ADL-MEL,ADL,MEL,17042432,218434560,17042432-218434560
YYZ-JFK,YYZ,JFK,421075456,168168192,421075456-168168192
BKK-PNH,BKK,PNH,34278144,269355008,34278144-269355008
BKK-EWR,BKK,EWR,34278144,85398016,34278144-85398016
SYD-DPS,SYD,DPS,320406528,68162304,320406528-68162304
CGH-LIS,CGH,LIS,50792448,201921280,50792448-201921280
ATL-JFK,ATL,JFK,18091008,168168192,18091008-168168192
LIN-CDG,LIN,CDG,201920000,50595584,201920000-50595584
MAN-JFK,MAN,JFK,218172928,168168192,218172928-168168192
LAX-HND,LAX,HND,201398272,135136256,201398272-135136256
BKK-IST,BKK,IST,34278144,152245248,34278144-152245248
LGW-MNL,LGW,MNL,201791232,219024384,201791232-219024384
FCO-JFK,FCO,JFK,100863744,168168192,100863744-168168192
LGA-SFO,LGA,SFO,201785600,319164160,201785600-319164160
SIN-TPE,SIN,TPE,319360512,336594176,319360512-336594176
CAI-JED,CAI,JED,50399488,168100864,50399488-168100864
TPE-SGN,TPE,SGN,336594176,319229440,336594176-319229440
LGW-MCO,LGW,MCO,201791232,218304256,201791232-218304256
CNX-HKT,CNX,HKT,51255296,134943744,51255296-134943744
VKO-DLM,VKO,DLM,369823488,67898624,369823488-67898624
STN-SIN,STN,SIN,320081408,319360512,320081408-319360512
UBP-BKK,UBP,BKK,352456704,34278144,352456704-34278144
CGK-SAW,CGK,SAW,50793216,318838528,50793216-318838528
LIS-MAD,LIS,MAD,201921280,218170368,201921280-218170368
KIX-HAN,KIX,HAN,185145344,134286848,185145344-134286848
XNB-BOM,XNB,BOM,403571200,34540800,403571200-34540800
GOI-BOM,GOI,BOM,118425856,34540800,118425856-34540800
LAS-SFO,LAS,SFO,201396992,319164160,201396992-319164160
LHR-ATH,LHR,ATH,201855488,18089984,201855488-18089984
IST-LCY,IST,LCY,152245248,201529600,152245248-201529600
JFK-CUN,JFK,CUN,168168192,51711488,168168192-51711488
SVO-MLE,SVO,MLE,320212736,218891520,320212736-218891520
LCY-MAD,LCY,MAD,201529600,218170368,201529600-218170368
BKK-TPE,BKK,TPE,34278144,336594176,34278144-336594176
JFK-HKG,JFK,HKG,168168192,134940416,168168192-134940416
AYT-IST,AYT,IST,18420736,152245248,18420736-152245248
FRA-SAW,FRA,SAW,101843200,318838528,101843200-318838528
EWR-ATL,EWR,ATL,85398016,18091008,85398016-18091008
TLV-LGW,TLV,LGW,336336384,201791232,336336384-201791232
KUL-NRT,KUL,NRT,185928704,236065792,185928704-236065792
TLV-OTP,TLV,OTP,336336384,252973056,336336384-252973056
CPH-LHR,CPH,LHR,51382272,201855488,51382272-201855488
TLV-EWR,TLV,EWR,336336384,85398016,336336384-85398016
SVO-AYT,SVO,AYT,320212736,18420736,320212736-18420736
LGW-CPH,LGW,CPH,201791232,51382272,201791232-51382272
KUL-CGK,KUL,CGK,185928704,50793216,185928704-50793216
HKG-CDG,HKG,CDG,134940416,50595584,134940416-50595584
TLV-PRG,TLV,PRG,336336384,269616896,336336384-269616896
PER-MEL,PER,MEL,268767744,218434560,268767744-218434560
NRT-HKG,NRT,HKG,236065792,134940416,236065792-134940416
CDG-BCN,CDG,BCN,50595584,33754624,50595584-33754624
HNL-ONT,HNL,ONT,135138304,252580864,135138304-252580864
COK-LHR,COK,LHR,51317504,201855488,51317504-201855488
LAX-MIA,LAX,MIA,201398272,218693888,201398272-218693888
LIS-LCY,LIS,LCY,201921280,201529600,201921280-201529600
AYT-SVO,AYT,SVO,18420736,320212736,18420736-320212736
SGN-HND,SGN,HND,319229440,135136256,319229440-135136256
SXR-DEL,SXR,DEL,320344576,67439616,320344576-67439616
BCN-ORY,BCN,ORY,33754624,252844288,33754624-252844288
SFO-HKG,SFO,HKG,319164160,134940416,319164160-134940416
PVG-JFK,PVG,JFK,269879040,168168192,269879040-168168192
YVR-SNA,YVR,SNA,420876800,319684864,420876800-319684864
LGW-LAX,LGW,LAX,201791232,201398272,201791232-201398272
SNA-SEA,SNA,SEA,319684864,319095040,319684864-319095040
TLV-ATH,TLV,ATH,336336384,18089984,336336384-18089984
BER-IST,BER,IST,33886720,152245248,33886720-152245248
EWR-MXP,EWR,MXP,85398016,219680768,85398016-219680768
ARN-LCY,ARN,LCY,17960448,201529600,17960448-201529600
HKG-LGA,HKG,LGA,134940416,201785600,134940416-201785600
SJC-HNL,SJC,HNL,319423232,135138304,319423232-135138304
MEL-LGW,MEL,LGW,218434560,201791232,218434560-201791232
EWR-DFW,EWR,DFW,85398016,67507968,85398016-67507968
CEB-ICN,CEB,ICN,50659840,151195136,50659840-151195136
SEA-BUR,SEA,BUR,319095040,34935296,319095040-34935296
HKT-BKK,HKT,BKK,134943744,34278144,134943744-34278144
LGW-IST,LGW,IST,201791232,152245248,201791232-152245248
LHR-BOM,LHR,BOM,201855488,34540800,201855488-34540800
LGW-BKK,LGW,BKK,201791232,34278144,201791232-34278144
HKG-LGW,HKG,LGW,134940416,201791232,134940416-201791232
NRT-ICN,NRT,ICN,236065792,151195136,236065792-151195136
SAW-VKO,SAW,VKO,318838528,369823488,318838528-369823488
LHR-LGA,LHR,LGA,201855488,201785600,201855488-201785600
CNX-BKK,CNX,BKK,51255296,34278144,51255296-34278144
SGN-BKK,SGN,BKK,319229440,34278144,319229440-34278144
STN-SAW,STN,SAW,320081408,318838528,320081408-318838528
SVO-SAW,SVO,SAW,320212736,318838528,320212736-318838528
IST-SVO,IST,SVO,152245248,320212736,152245248-320212736
STN-DXB,STN,DXB,320081408,68682240,320081408-68682240
CGK-SIN,CGK,SIN,50793216,319360512,50793216-319360512
LHR-HKG,LHR,HKG,201855488,134940416,201855488-134940416
LGW-DXB,LGW,DXB,201791232,68682240,201791232-68682240
LCY-BKK,LCY,BKK,201529600,34278144,201529600-34278144
HND-GMP,HND,GMP,135136256,118296576,135136256-118296576
DMK-CNX,DMK,CNX,67963648,51255296,67963648-51255296
LAX-JFK,LAX,JFK,201398272,168168192,201398272-168168192
LAX-EWR,LAX,EWR,201398272,85398016,201398272-85398016
DMK-HKT,DMK,HKT,67963648,134943744,67963648-134943744
LHR-SIN,LHR,SIN,201855488,319360512,201855488-319360512
LGW-DEL,LGW,DEL,201791232,67439616,201791232-67439616
VKO-TAS,VKO,TAS,369823488,335614720,369823488-335614720
ICN-MNL,ICN,MNL,151195136,219024384,151195136-219024384
ORY-JFK,ORY,JFK,252844288,168168192,252844288-168168192
SVO-HKT,SVO,HKT,320212736,134943744,320212736-134943744
ICN-DAD,ICN,DAD,151195136,67175424,151195136-67175424
LHR-ISB,LHR,ISB,201855488,152240640,201855488-152240640
CDG-BKK,CDG,BKK,50595584,34278144,50595584-34278144
LAX-SJC,LAX,SJC,201398272,319423232,201398272-319423232
LHR-SAW,LHR,SAW,201855488,318838528,201855488-318838528
LGW-HKG,LGW,HKG,201791232,134940416,201791232-134940416
IST-AYT,IST,AYT,152245248,18420736,152245248-18420736
BKK-CEI,BKK,CEI,34278144,50661632,34278144-50661632
GMP-HND,GMP,HND,118296576,135136256,118296576-135136256
HKG-ICN,HKG,ICN,134940416,151195136,134940416-151195136
AYT-VKO,AYT,VKO,18420736,369823488,18420736-369823488
VKO-BKK,VKO,BKK,369823488,34278144,369823488-34278144
VKO-EVN,VKO,EVN,369823488,85331456,369823488-85331456
HKG-STN,HKG,STN,134940416,320081408,134940416-320081408
SVO-DXB,SVO,DXB,320212736,68682240,320212736-68682240
TPE-BKK,TPE,BKK,336594176,34278144,336594176-34278144
JFK-MIA,JFK,MIA,168168192,218693888,168168192-218693888
KUL-SIN,KUL,SIN,185928704,319360512,185928704-319360512
ICN-LHR,ICN,LHR,151195136,201855488,151195136-201855488
DEL-BKK,DEL,BKK,67439616,34278144,67439616-34278144
DEL-BOM,DEL,BOM,67439616,34540800,67439616-34540800
LHR-YYZ,LHR,YYZ,201855488,421075456,201855488-421075456
KWI-SAW,KWI,SAW,186059008,318838528,186059008-318838528
KKC-BKK,KKC,BKK,185271040,34278144,185271040-34278144
GMP-SIN,GMP,SIN,118296576,319360512,118296576-319360512
LIN-EWR,LIN,EWR,201920000,85398016,201920000-85398016
JFK-SNA,JFK,SNA,168168192,319684864,168168192-319684864
HND-ICN,HND,ICN,135136256,151195136,135136256-151195136
DME-AYT,DME,AYT,67962112,18420736,67962112-18420736
MNL-NRT,MNL,NRT,219024384,236065792,219024384-236065792
MAN-BKK,MAN,BKK,218172928,34278144,218172928-34278144
BKK-HKG,BKK,HKG,34278144,134940416,34278144-134940416
LGA-FLL,LGA,FLL,201785600,101452800,201785600-101452800
SJC-LAX,SJC,LAX,319423232,201398272,319423232-201398272
DXB-VKO,DXB,VKO,68682240,369823488,68682240-369823488
LHR-LAX,LHR,LAX,201855488,201398272,201855488-201398272
LGA-LHR,LGA,LHR,201785600,201855488,201785600-201855488
HKG-YVR,HKG,YVR,134940416,420876800,134940416-420876800
BOM-LGW,BOM,LGW,34540800,201791232,34540800-201791232
DXB-BOM,DXB,BOM,68682240,34540800,68682240-34540800
BKK-HAN,BKK,HAN,34278144,134286848,34278144-134286848
SYD-BKK,SYD,BKK,320406528,34278144,320406528-34278144
CGK-ICN,CGK,ICN,50793216,151195136,50793216-151195136
BNE-MEL,BNE,MEL,34473216,218434560,34473216-218434560
LGA-LAX,LGA,LAX,201785600,201398272,201785600-201398272
DEL-GOI,DEL,GOI,67439616,118425856,67439616-118425856
CGK-NRT,CGK,NRT,50793216,236065792,50793216-236065792
ICN-LCY,ICN,LCY,151195136,201529600,151195136-201529600
DEL-HYD,DEL,HYD,67439616,135857152,67439616-135857152
ICN-EWR,ICN,EWR,151195136,85398016,151195136-85398016
JFK-ATL,JFK,ATL,168168192,18091008,168168192-18091008
DFW-EWR,DFW,EWR,67507968,85398016,67507968-85398016
ICN-STN,ICN,STN,151195136,320081408,151195136-320081408
BUR-LGA,BUR,LGA,34935296,201785600,34935296-201785600
KUL-SGN,KUL,SGN,185928704,319229440,185928704-319229440
MXP-IST,MXP,IST,219680768,152245248,219680768-152245248
DPS-KUL,DPS,KUL,68162304,185928704,68162304-185928704
MCO-EWR,MCO,EWR,218304256,85398016,218304256-85398016
BKK-SAW,BKK,SAW,34278144,318838528,34278144-318838528
JFK-ICN,JFK,ICN,168168192,151195136,168168192-151195136
SYD-LAX,SYD,LAX,320406528,201398272,320406528-201398272
SFO-SAN,SFO,SAN,319164160,318836224,319164160-318836224
CGN-SAW,CGN,SAW,50793984,318838528,50793984-318838528
EWR-MAD,EWR,MAD,85398016,218170368,85398016-218170368
LHR-MXP,LHR,MXP,201855488,219680768,201855488-219680768
VKO-BJV,VKO,BJV,369823488,34215424,369823488-34215424
CGN-IST,CGN,IST,50793984,152245248,50793984-152245248
CAI-SAW,CAI,SAW,50399488,318838528,50399488-318838528
XNB-LHR,XNB,LHR,403571200,201855488,403571200-201855488
LAX-YVR,LAX,YVR,201398272,420876800,201398272-420876800
KUL-KCH,KUL,KCH,185928704,184748032,185928704-184748032
EWR-SNA,EWR,SNA,85398016,319684864,85398016-319684864
BUR-SFO,BUR,SFO,34935296,319164160,34935296-319164160
SFO-JFK,SFO,JFK,319164160,168168192,319164160-168168192
HDY-BKK,HDY,BKK,134486272,34278144,134486272-34278144
SFO-EWR,SFO,EWR,319164160,85398016,319164160-85398016
LCY-DXB,LCY,DXB,201529600,68682240,201529600-68682240
CGK-KUL,CGK,KUL,50793216,185928704,50793216-185928704
STN-DEL,STN,DEL,320081408,67439616,320081408-67439616
ONT-SFO,ONT,SFO,252580864,319164160,252580864-319164160
LED-IST,LED,IST,201655296,152245248,201655296-152245248
BOM-DEL,BOM,DEL,34540800,67439616,34540800-67439616
LHR-DPS,LHR,DPS,201855488,68162304,201855488-68162304
DXB-DME,DXB,DME,68682240,67962112,68682240-67962112
KBV-BKK,KBV,BKK,184686080,34278144,184686080-34278144
DXB-MNL,DXB,MNL,68682240,219024384,68682240-219024384
DEL-STN,DEL,STN,67439616,320081408,67439616-320081408
LAX-LGA,LAX,LGA,201398272,201785600,201398272-201785600
MAN-ISB,MAN,ISB,218172928,152240640,218172928-152240640
LIN-JFK,LIN,JFK,201920000,168168192,201920000-168168192
SYD-SIN,SYD,SIN,320406528,319360512,320406528-319360512
LHR-HND,LHR,HND,201855488,135136256,201855488-135136256
LHR-KUL,LHR,KUL,201855488,185928704,201855488-185928704
LHR-MEL,LHR,MEL,201855488,218434560,201855488-218434560
BKK-KUL,BKK,KUL,34278144,185928704,34278144-185928704
NRT-MNL,NRT,MNL,236065792,219024384,236065792-219024384
SGN-SIN,SGN,SIN,319229440,319360512,319229440-319360512
VKO-MLE,VKO,MLE,369823488,218891520,369823488-218891520
MEL-BNE,MEL,BNE,218434560,34473216,218434560-34473216
HND-HAN,HND,HAN,135136256,134286848,135136256-134286848
LHR-LHE,LHR,LHE,201855488,201852160,201855488-201852160
HND-MNL,HND,MNL,135136256,219024384,135136256-219024384
SFO-SNA,SFO,SNA,319164160,319684864,319164160-319684864
KIX-ICN,KIX,ICN,185145344,151195136,185145344-151195136
FLL-JFK,FLL,JFK,101452800,168168192,101452800-168168192
EWR-MCO,EWR,MCO,85398016,218304256,85398016-218304256
BOM-STN,BOM,STN,34540800,320081408,34540800-320081408
SAW-STN,SAW,STN,318838528,320081408,318838528-320081408
BKK-CDG,BKK,CDG,34278144,50595584,34278144-50595584
CEI-BKK,CEI,BKK,50661632,34278144,50661632-34278144
LAX-OAK,LAX,OAK,201398272,251726592,201398272-251726592
IST-LGW,IST,LGW,152245248,201791232,152245248-201791232
LCY-DEL,LCY,DEL,201529600,67439616,201529600-67439616
HKG-TPE,HKG,TPE,134940416,336594176,134940416-336594176
EWR-CDG,EWR,CDG,85398016,50595584,85398016-50595584
DXB-LCY,DXB,LCY,68682240,201529600,68682240-201529600
MEL-OOL,MEL,OOL,218434560,252644352,218434560-252644352
DMK-HDY,DMK,HDY,67963648,134486272,67963648-134486272
DXB-DEL,DXB,DEL,68682240,67439616,68682240-67439616
BKK-LCY,BKK,LCY,34278144,201529600,34278144-201529600
DEL-LCY,DEL,LCY,67439616,201529600,67439616-201529600
MAD-LCY,MAD,LCY,218170368,201529600,218170368-201529600
ORY-MAD,ORY,MAD,252844288,218170368,252844288-218170368
TLV-CDG,TLV,CDG,336336384,50595584,336336384-50595584
LAS-LAX,LAS,LAX,201396992,201398272,201396992-201398272
BKK-LAX,BKK,LAX,34278144,201398272,34278144-201398272
OAK-LAX,OAK,LAX,251726592,201398272,251726592-201398272
PBI-LGA,PBI,LGA,268568832,201785600,268568832-201785600
CGK-IST,CGK,IST,50793216,152245248,50793216-152245248
BOM-BKK,BOM,BKK,34540800,34278144,34540800-34278144
GYD-VKO,GYD,VKO,119079936,369823488,119079936-369823488
HND-SGN,HND,SGN,135136256,319229440,135136256-319229440
STN-BOM,STN,BOM,320081408,34540800,320081408-34540800
BKK-SYD,BKK,SYD,34278144,320406528,34278144-320406528
SJC-LGA,SJC,LGA,319423232,201785600,319423232-201785600
LHR-BLR,LHR,BLR,201855488,34345472,201855488-34345472
ORD-LGA,ORD,LGA,252838912,201785600,252838912-201785600
TPE-SIN,TPE,SIN,336594176,319360512,336594176-319360512
DXB-SAW,DXB,SAW,68682240,318838528,68682240-318838528
LGW-ISB,LGW,ISB,201791232,152240640,201791232-152240640
GMP-CJU,GMP,CJU,118296576,50992384,118296576-50992384
OOL-MEL,OOL,MEL,252644352,218434560,252644352-218434560
SJC-EWR,SJC,EWR,319423232,85398016,319423232-85398016
BKK-CGK,BKK,CGK,34278144,50793216,34278144-50793216
BOM-BLR,BOM,BLR,34540800,34345472,34540800-34345472
SAW-DXB,SAW,DXB,318838528,68682240,318838528-68682240
DEL-DPS,DEL,DPS,67439616,68162304,67439616-68162304
STN-TLV,STN,TLV,320081408,336336384,320081408-336336384
OPO-CDG,OPO,CDG,252710656,50595584,252710656-50595584
AMS-IST,AMS,IST,17634048,152245248,17634048-152245248
DEL-CCU,DEL,CCU,67439616,50533632,67439616-50533632
MAA-DXB,MAA,DXB,218169600,68682240,218169600-68682240
LED-SAW,LED,SAW,201655296,318838528,201655296-318838528
IST-BKK,IST,BKK,152245248,34278144,152245248-34278144
LCY-NRT,LCY,NRT,201529600,236065792,201529600-236065792
MAN-HKG,MAN,HKG,218172928,134940416,218172928-134940416
LGW-KUL,LGW,KUL,201791232,185928704,201791232-185928704
GOI-DEL,GOI,DEL,118425856,67439616,118425856-67439616
XNB-SVO,XNB,SVO,403571200,320212736,403571200-320212736
CDG-DXB,CDG,DXB,50595584,68682240,50595584-68682240
DPS-ICN,DPS,ICN,68162304,151195136,68162304-151195136
AYT-SAW,AYT,SAW,18420736,318838528,18420736-318838528
ICN-IST,ICN,IST,151195136,152245248,151195136-152245248
MXP-ORY,MXP,ORY,219680768,252844288,219680768-252844288
MEL-PER,MEL,PER,218434560,268767744,218434560-268767744
LGW-COK,LGW,COK,201791232,51317504,201791232-51317504
LGA-SJC,LGA,SJC,201785600,319423232,201785600-319423232
TPE-ONT,TPE,ONT,336594176,252580864,336594176-252580864
LGA-ATL,LGA,ATL,201785600,18091008,201785600-18091008
LCY-HND,LCY,HND,201529600,135136256,201529600-135136256
CPH-LGW,CPH,LGW,51382272,201791232,51382272-201791232
DFW-JFK,DFW,JFK,67507968,168168192,67507968-168168192
CAI-RUH,CAI,RUH,50399488,303368192,50399488-303368192
LHR-KTM,LHR,KTM,201855488,185863424,201855488-185863424
PVG-YYZ,PVG,YYZ,269879040,421075456,269879040-421075456
SEA-SFO,SEA,SFO,319095040,319164160,319095040-319164160
VKO-CMB,VKO,CMB,369823488,51184128,369823488-51184128
TLV-LCY,TLV,LCY,336336384,201529600,336336384-201529600
IST-ORY,IST,ORY,152245248,252844288,152245248-252844288
TPE-HAN,TPE,HAN,336594176,134286848,336594176-134286848
SYD-ADL,SYD,ADL,320406528,17042432,320406528-17042432
LAS-BUR,LAS,BUR,201396992,34935296,201396992-34935296
PNQ-DEL,PNQ,DEL,269357312,67439616,269357312-67439616
VKO-DEL,VKO,DEL,369823488,67439616,369823488-67439616
JFK-BCN,JFK,BCN,168168192,33754624,168168192-33754624
HND-CDG,HND,CDG,135136256,50595584,135136256-50595584
BKK-SFO,BKK,SFO,34278144,319164160,34278144-319164160
LHR-LIN,LHR,LIN,201855488,201920000,201855488-201920000
VKO-TBS,VKO,TBS,369823488,335680256,369823488-335680256
LIN-ORY,LIN,ORY,201920000,252844288,201920000-252844288
HNL-LAX,HNL,LAX,135138304,201398272,135138304-201398272
CGK-DPS,CGK,DPS,50793216,68162304,50793216-68162304
HND-CGK,HND,CGK,135136256,50793216,135136256-50793216
MNL-CEB,MNL,CEB,219024384,50659840,219024384-50659840
BOM-SIN,BOM,SIN,34540800,319360512,34540800-319360512
DUB-LGW,DUB,LGW,68485632,201791232,68485632-201791232
PVG-EWR,PVG,EWR,269879040,85398016,269879040-85398016
LCY-LIN,LCY,LIN,201529600,201920000,201529600-201920000
ICN-CXR,ICN,CXR,151195136,51909120,151195136-51909120
PER-DPS,PER,DPS,268767744,68162304,268767744-68162304
BOG-MEX,BOG,MEX,34539264,218437632,34539264-218437632
SEA-OAK,SEA,OAK,319095040,251726592,319095040-251726592
HAN-SIN,HAN,SIN,134286848,319360512,134286848-319360512
ORY-BCN,ORY,BCN,252844288,33754624,252844288-33754624
BUR-SEA,BUR,SEA,34935296,319095040,34935296-319095040
KWI-DXB,KWI,DXB,186059008,68682240,186059008-68682240
BKK-MEL,BKK,MEL,34278144,218434560,34278144-218434560
HKT-CNX,HKT,CNX,134943744,51255296,134943744-51255296
MAD-AEP,MAD,AEP,218170368,17108992,218170368-17108992
LAX-SLC,LAX,SLC,201398272,319554304,201398272-319554304
DXB-JFK,DXB,JFK,68682240,168168192,68682240-168168192
CDG-MXP,CDG,MXP,50595584,219680768,50595584-219680768
SIN-CDG,SIN,CDG,319360512,50595584,319360512-50595584
ICN-ORY,ICN,ORY,151195136,252844288,151195136-252844288
PVG-BKK,PVG,BKK,269879040,34278144,269879040-34278144
LHR-HAN,LHR,HAN,201855488,134286848,201855488-134286848
ORY-DXB,ORY,DXB,252844288,68682240,252844288-68682240
LAX-BKK,LAX,BKK,201398272,34278144,201398272-34278144
MXP-LCY,MXP,LCY,219680768,201529600,219680768-201529600
MEL-SIN,MEL,SIN,218434560,319360512,218434560-319360512
SEA-ONT,SEA,ONT,319095040,252580864,319095040-252580864
MEL-LHR,MEL,LHR,218434560,201855488,218434560-201855488
DXB-CAI,DXB,CAI,68682240,50399488,68682240-50399488
SNA-HNL,SNA,HNL,319684864,135138304,319684864-135138304
HND-LAX,HND,LAX,135136256,201398272,135136256-201398272
LHR-LIS,LHR,LIS,201855488,201921280,201855488-201921280
MAD-LGA,MAD,LGA,218170368,201785600,218170368-201785600
HND-TSA,HND,TSA,135136256,336789760,135136256-336789760
LHR-SFO,LHR,SFO,201855488,319164160,201855488-319164160
TLV-JFK,TLV,JFK,336336384,168168192,336336384-168168192
BCN-JFK,BCN,JFK,33754624,168168192,33754624-168168192
TLV-BKK,TLV,BKK,336336384,34278144,336336384-34278144
FCO-EWR,FCO,EWR,100863744,85398016,100863744-85398016
SGN-MNL,SGN,MNL,319229440,219024384,319229440-219024384
LHR-AMS,LHR,AMS,201855488,17634048,201855488-17634048
LGW-DPS,LGW,DPS,201791232,68162304,201791232-68162304
LIS-LHR,LIS,LHR,201921280,201855488,201921280-201855488
FRA-IST,FRA,IST,101843200,152245248,101843200-152245248
BKK-ZRH,BKK,ZRH,34278144,437389312,34278144-437389312
CAI-DXB,CAI,DXB,50399488,68682240,50399488-68682240
HYD-DEL,HYD,DEL,135857152,67439616,135857152-67439616
DMK-KBV,DMK,KBV,67963648,184686080,67963648-184686080
PUS-BKK,PUS,BKK,269816576,34278144,269816576-34278144
CDG-SAW,CDG,SAW,50595584,318838528,50595584-318838528
LHR-CPH,LHR,CPH,201855488,51382272,201855488-51382272
BCN-EWR,BCN,EWR,33754624,85398016,33754624-85398016
CGK-SYD,CGK,SYD,50793216,320406528,50793216-320406528
MAD-BOG,MAD,BOG,218170368,34539264,218170368-34539264
LGW-LHE,LGW,LHE,201791232,201852160,201791232-201852160
LGA-SEA,LGA,SEA,201785600,319095040,201785600-319095040
EWR-DEL,EWR,DEL,85398016,67439616,85398016-67439616
IST-FRA,IST,FRA,152245248,101843200,152245248-101843200
MEL-HKG,MEL,HKG,218434560,134940416,218434560-134940416
LGW-MIA,LGW,MIA,201791232,218693888,201791232-218693888
LHR-SGN,LHR,SGN,201855488,319229440,201855488-319229440
AMS-EWR,AMS,EWR,17634048,85398016,17634048-85398016
LIS-VCP,LIS,VCP,201921280,369299456,201921280-369299456
AMS-BKK,AMS,BKK,17634048,34278144,17634048-34278144
NRT-LGW,NRT,LGW,236065792,201791232,236065792-201791232
ADL-SYD,ADL,SYD,17042432,320406528,17042432-320406528
CCJ-DXB,CCJ,DXB,50530816,68682240,50530816-68682240
BOM-AMD,BOM,AMD,34540800,17630208,34540800-17630208
ATL-MIA,ATL,MIA,18091008,218693888,18091008-218693888
BUR-OAK,BUR,OAK,34935296,251726592,34935296-251726592
LGW-HYD,LGW,HYD,201791232,135857152,201791232-135857152
IST-MXP,IST,MXP,152245248,219680768,152245248-219680768
DEL-MAA,DEL,MAA,67439616,218169600,67439616-218169600
HAN-NRT,HAN,NRT,134286848,236065792,134286848-236065792
ICN-LGA,ICN,LGA,151195136,201785600,151195136-201785600
STN-MNL,STN,MNL,320081408,219024384,320081408-219024384
DPS-SYD,DPS,SYD,68162304,320406528,68162304-320406528
DME-IST,DME,IST,67962112,152245248,67962112-152245248
VKO-IST,VKO,IST,369823488,152245248,369823488-152245248
LHR-BKK,LHR,BKK,201855488,34278144,201855488-34278144
VKO-SAW,VKO,SAW,369823488,318838528,369823488-318838528
ICN-BKK,ICN,BKK,151195136,34278144,151195136-34278144
SIN-BKK,SIN,BKK,319360512,34278144,319360512-34278144
SVO-IST,SVO,IST,320212736,152245248,320212736-152245248
BKK-ICN,BKK,ICN,34278144,151195136,34278144-151195136
DME-SAW,DME,SAW,67962112,318838528,67962112-318838528
BKK-HKT,BKK,HKT,34278144,134943744,34278144-134943744
LHR-JFK,LHR,JFK,201855488,168168192,201855488-168168192
VKO-AYT,VKO,AYT,369823488,18420736,369823488-18420736
BKK-CNX,BKK,CNX,34278144,51255296,34278144-51255296
BKK-SIN,BKK,SIN,34278144,319360512,34278144-319360512
LHR-EWR,LHR,EWR,201855488,85398016,201855488-85398016
LHR-DEL,LHR,DEL,201855488,67439616,201855488-67439616
LHR-DXB,LHR,DXB,201855488,68682240,201855488-68682240
HKG-LHR,HKG,LHR,134940416,201855488,134940416-201855488
LHR-IST,LHR,IST,201855488,152245248,201855488-152245248
IST-DME,IST,DME,152245248,67962112,152245248-67962112
LGW-JFK,LGW,JFK,201791232,168168192,201791232-168168192
DME-DXB,DME,DXB,67962112,68682240,67962112-68682240
ICN-SIN,ICN,SIN,151195136,319360512,151195136-319360512
VKO-DXB,VKO,DXB,369823488,68682240,369823488-68682240
IST-VKO,IST,VKO,152245248,369823488,152245248-369823488
LHR-CMB,LHR,CMB,201855488,51184128,201855488-51184128
MAN-IST,MAN,IST,218172928,152245248,218172928-152245248
LAX-MNL,LAX,MNL,201398272,219024384,201398272-219024384
DXB-COK,DXB,COK,68682240,51317504,68682240-51317504
EWR-BUR,EWR,BUR,85398016,34935296,85398016-34935296
DEL-JFK,DEL,JFK,67439616,168168192,67439616-168168192
PVG-TPE,PVG,TPE,269879040,336594176,269879040-336594176
HKG-MEL,HKG,MEL,134940416,218434560,134940416-218434560
ICN-HKG,ICN,HKG,151195136,134940416,151195136-134940416
LCY-CDG,LCY,CDG,201529600,50595584,201529600-50595584
YVR-YYZ,YVR,YYZ,420876800,421075456,420876800-421075456
MNL-LGW,MNL,LGW,219024384,201791232,219024384-201791232
TLV-DXB,TLV,DXB,336336384,68682240,336336384-68682240
BKK-LGA,BKK,LGA,34278144,201785600,34278144-201785600
JFK-TLV,JFK,TLV,168168192,336336384,168168192-336336384
CDG-ICN,CDG,ICN,50595584,151195136,50595584-151195136
VKO-FRU,VKO,FRU,369823488,101848320,369823488-101848320
DUB-LHR,DUB,LHR,68485632,201855488,68485632-201855488
BKI-KUL,BKI,KUL,34277632,185928704,34277632-185928704
LHR-AYT,LHR,AYT,201855488,18420736,201855488-18420736
EWR-CUN,EWR,CUN,85398016,51711488,85398016-51711488
GYD-DME,GYD,DME,119079936,67962112,119079936-67962112
DXB-GYD,DXB,GYD,68682240,119079936,68682240-119079936
LHR-BOS,LHR,BOS,201855488,34542336,201855488-34542336
LAS-SNA,LAS,SNA,201396992,319684864,201396992-319684864
BLR-DXB,BLR,DXB,34345472,68682240,34345472-68682240
KCH-KUL,KCH,KUL,184748032,185928704,184748032-185928704
KUL-DPS,KUL,DPS,185928704,68162304,185928704-68162304
ITM-BKK,ITM,BKK,152308992,34278144,152308992-34278144
RUH-IST,RUH,IST,303368192,152245248,303368192-152245248
JFK-MXP,JFK,MXP,168168192,219680768,168168192-219680768
XSP-SZB,XSP,SZB,403902464,320471552,403902464-320471552
CCU-DEL,CCU,DEL,50533632,67439616,50533632-67439616
SGN-KUL,SGN,KUL,319229440,185928704,319229440-185928704
GUM-ICN,GUM,ICN,118820096,151195136,118820096-151195136
HDY-DMK,HDY,DMK,134486272,67963648,134486272-67963648
IST-AMS,IST,AMS,152245248,17634048,152245248-17634048
MNL-STN,MNL,STN,219024384,320081408,219024384-320081408
LHR-BCN,LHR,BCN,201855488,33754624,201855488-33754624
DEL-EWR,DEL,EWR,67439616,85398016,67439616-85398016
JFK-DEL,JFK,DEL,168168192,67439616,168168192-67439616
LHR-GRU,LHR,GRU,201855488,118625536,201855488-118625536
BKK-DPS,BKK,DPS,34278144,68162304,34278144-68162304
HKT-SIN,HKT,SIN,134943744,319360512,134943744-319360512
DEL-YTZ,DEL,YTZ,67439616,420747776,67439616-420747776
ONT-LAS,ONT,LAS,252580864,201396992,252580864-201396992
MUC-BKK,MUC,BKK,219480832,34278144,219480832-34278144
BKK-DEL,BKK,DEL,34278144,67439616,34278144-67439616
SGN-NRT,SGN,NRT,319229440,236065792,319229440-236065792
JFK-SJC,JFK,SJC,168168192,319423232,168168192-319423232
LCY-BCN,LCY,BCN,201529600,33754624,201529600-33754624
LGW-AMS,LGW,AMS,201791232,17634048,201791232-17634048
LHR-BNE,LHR,BNE,201855488,34473216,201855488-34473216
GMP-NRT,GMP,NRT,118296576,236065792,118296576-236065792
LCY-DUB,LCY,DUB,201529600,68485632,201529600-68485632
DEL-MEL,DEL,MEL,67439616,218434560,67439616-218434560
LCY-ATH,LCY,ATH,201529600,18089984,201529600-18089984
TLV-AMS,TLV,AMS,336336384,17634048,336336384-17634048
KUL-HND,KUL,HND,185928704,135136256,185928704-135136256
SAW-BKK,SAW,BKK,318838528,34278144,318838528-34278144
LGW-ARN,LGW,ARN,201791232,17960448,201791232-17960448
MEX-LGA,MEX,LGA,218437632,201785600,218437632-201785600
LGW-MXP,LGW,MXP,201791232,219680768,201791232-219680768
DUB-JFK,DUB,JFK,68485632,168168192,68485632-168168192
SYD-NAN,SYD,NAN,320406528,234950144,320406528-234950144
OPO-MAD,OPO,MAD,252710656,218170368,252710656-218170368
FCO-LGA,FCO,LGA,100863744,201785600,100863744-201785600
MNL-GMP,MNL,GMP,219024384,118296576,219024384-118296576
RUH-CAI,RUH,CAI,303368192,50399488,303368192-50399488
MEL-DPS,MEL,DPS,218434560,68162304,218434560-68162304
ICN-ZRH,ICN,ZRH,151195136,437389312,151195136-437389312
ICN-CGK,ICN,CGK,151195136,50793216,151195136-50793216
EWR-BOM,EWR,BOM,85398016,34540800,85398016-34540800
MNL-CGK,MNL,CGK,219024384,50793216,219024384-50793216
BLR-BKK,BLR,BKK,34345472,34278144,34345472-34278144
CGK-HND,CGK,HND,50793216,135136256,50793216-135136256
NRT-CGK,NRT,CGK,236065792,50793216,236065792-50793216
LCY-AMS,LCY,AMS,201529600,17634048,201529600-17634048
XNB-BKK,XNB,BKK,403571200,34278144,403571200-34278144
HYD-LHR,HYD,LHR,135857152,201855488,135857152-201855488
EWR-SJC,EWR,SJC,85398016,319423232,85398016-319423232
MNL-HKG,MNL,HKG,219024384,134940416,219024384-134940416
LCY-CPH,LCY,CPH,201529600,51382272,201529600-51382272
ORY-LIS,ORY,LIS,252844288,201921280,252844288-201921280
XNB-DEL,XNB,DEL,403571200,67439616,403571200-67439616
AMS-SAW,AMS,SAW,17634048,318838528,17634048-318838528
LCY-TLV,LCY,TLV,201529600,336336384,201529600-336336384
MEL-BKK,MEL,BKK,218434560,34278144,218434560-34278144
LAX-SEA,LAX,SEA,201398272,319095040,201398272-319095040
LGW-BCN,LGW,BCN,201791232,33754624,201791232-33754624
CPH-LCY,CPH,LCY,51382272,201529600,51382272-201529600
AMD-BOM,AMD,BOM,17630208,34540800,17630208-34540800
DFW-LGA,DFW,LGA,67507968,201785600,67507968-201785600
SIN-DXB,SIN,DXB,319360512,68682240,319360512-68682240
EWR-HKG,EWR,HKG,85398016,134940416,85398016-134940416
ARN-LHR,ARN,LHR,17960448,201855488,17960448-201855488
TSA-LAX,TSA,LAX,336789760,201398272,336789760-201398272
CDG-LIS,CDG,LIS,50595584,201921280,50595584-201921280
SEA-LAX,SEA,LAX,319095040,201398272,319095040-201398272
LGA-CUN,LGA,CUN,201785600,51711488,201785600-51711488
BOM-DXB,BOM,DXB,34540800,68682240,34540800-68682240
CDG-JFK,CDG,JFK,50595584,168168192,50595584-168168192
BKK-GMP,BKK,GMP,34278144,118296576,34278144-118296576
EWR-LHR,EWR,LHR,85398016,201855488,85398016-201855488
NRT-BKK,NRT,BKK,236065792,34278144,236065792-34278144
KUL-BKK,KUL,BKK,185928704,34278144,185928704-34278144
DEL-DXB,DEL,DXB,67439616,68682240,67439616-68682240
MNL-SIN,MNL,SIN,219024384,319360512,219024384-319360512
JFK-LGW,JFK,LGW,168168192,201791232,168168192-201791232
ICN-CDG,ICN,CDG,151195136,50595584,151195136-50595584
CDG-EWR,CDG,EWR,50595584,85398016,50595584-85398016
VKO-HKT,VKO,HKT,369823488,134943744,369823488-134943744
MEL-SYD,MEL,SYD,218434560,320406528,218434560-320406528
HND-BKK,HND,BKK,135136256,34278144,135136256-34278144
DME-TAS,DME,TAS,67962112,335614720,67962112-335614720
SIN-DPS,SIN,DPS,319360512,68162304,319360512-68162304
ICN-DPS,ICN,DPS,151195136,68162304,151195136-68162304
STN-BKK,STN,BKK,320081408,34278144,320081408-34278144
LHR-MNL,LHR,MNL,201855488,219024384,201855488-219024384
SIN-KUL,SIN,KUL,319360512,185928704,319360512-185928704
BOM-LHR,BOM,LHR,34540800,201855488,34540800-201855488
EWR-MIA,EWR,MIA,85398016,218693888,85398016-218693888
DXB-LHR,DXB,LHR,68682240,201855488,68682240-201855488
HKG-LCY,HKG,LCY,134940416,201529600,134940416-201529600
MXP-JFK,MXP,JFK,219680768,168168192,219680768-168168192
DXB-BKK,DXB,BKK,68682240,34278144,68682240-34278144
CDG-LGA,CDG,LGA,50595584,201785600,50595584-201785600
MXP-EWR,MXP,EWR,219680768,85398016,219680768-85398016
LGA-MIA,LGA,MIA,201785600,218693888,201785600-218693888
BKK-LGW,BKK,LGW,34278144,201791232,34278144-201791232
BKK-UTH,BKK,UTH,34278144,353634304,34278144-353634304
LGW-EWR,LGW,EWR,201791232,85398016,201791232-85398016
SAW-AYT,SAW,AYT,318838528,18420736,318838528-18420736
BKK-KKC,BKK,KKC,34278144,185271040,34278144-185271040
DXB-STN,DXB,STN,68682240,320081408,68682240-320081408
SVO-BKK,SVO,BKK,320212736,34278144,320212736-34278144
SVO-XNB,SVO,XNB,320212736,403571200,320212736-403571200
SIN-SGN,SIN,SGN,319360512,319229440,319360512-319229440
LGW-BOM,LGW,BOM,201791232,34540800,201791232-34540800
DME-EVN,DME,EVN,67962112,85331456,67962112-85331456
YYZ-DEL,YYZ,DEL,421075456,67439616,421075456-67439616
DEL-LGW,DEL,LGW,67439616,201791232,67439616-201791232
MIA-EWR,MIA,EWR,218693888,85398016,218693888-85398016
SNA-SFO,SNA,SFO,319684864,319164160,319684864-319164160
DXB-LGW,DXB,LGW,68682240,201791232,68682240-201791232
SNA-EWR,SNA,EWR,319684864,85398016,319684864-85398016
HKT-DMK,HKT,DMK,134943744,67963648,134943744-67963648
SAW-DME,SAW,DME,318838528,67962112,318838528-67962112
EWR-FLL,EWR,FLL,85398016,101452800,85398016-101452800
SYD-MEL,SYD,MEL,320406528,218434560,320406528-218434560
